{"cameraMode":{"drawMode":0,"name":"Shaded","section":"Shading Mode"},"sceneLighting":false,"audioPlay":false,"sceneViewState":{"showFog":true,"showMaterialUpdate":false,"showSkybox":false,"showFlares":true,"showImageEffects":true,"showParticleSystems":true},"in2DMode":false,"pivot":{"x":-0.004174411296844482,"y":2.4954047203063967,"z":0.010544776916503907},"rotation":{"x":-0.014105978421866894,"y":0.02099369838833809,"z":-0.0002964019658975303,"w":-0.9996821880340576},"size":2.5246944427490236,"orthographic":false}