{"cameraMode":{"drawMode":0,"name":"Shaded","section":"Shading Mode"},"sceneLighting":true,"audioPlay":false,"sceneViewState":{"showFog":true,"showMaterialUpdate":false,"showSkybox":true,"showFlares":true,"showImageEffects":true,"showParticleSystems":true},"in2DMode":false,"pivot":{"x":-0.6914671659469605,"y":1.4708999395370484,"z":0.8767673969268799},"rotation":{"x":0.11734236776828766,"y":-0.0008969240006990731,"z":0.0001035942550515756,"w":0.9931272268295288},"size":19.261154174804689,"orthographic":false}